Timestamp,Symbol,Side,Qty,Price
2026-05-02 11:05:01,BTCUSDT,BUY,0.001,78220.91000000
2026-05-02 11:05:587,BTCUSDT,BUY,0.001,78220.91000000
2026-05-02 11:05:469,ETHUSDT,BUY,0.01,2300.51000000
2026-05-02 11:05:829,SOLUSDT,BUY,0.2,83.69000000
2026-05-02 11:05:487,ETHUSDT,BUY,0.01,2300.51000000
2026-05-02 11:05:377,BTCUSDT,BUY,0.001,78223.00000000
2026-05-02 11:05:269,BTCUSDT,BUY,0.001,78223.00000000
2026-05-02 11:05:889,BTCUSDT,SELL,0.001,78222.99000000
2026-05-02 11:05:558,BTCUSDT,BUY,0.001,78223.00000000
2026-05-02 11:05:868,BTCUSDT,BUY,0.001,78223.01000000
2026-05-02 12:05:31,BTCUSDT,SELL,0.001,78310.86000000
2026-05-02 12:05:906,ETHUSDT,BUY,0.01,2303.39000000
2026-05-02 12:05:755,SOLUSDT,SELL,0.2,83.83000000
2026-05-02 12:05:096,BTCUSDT,BUY,0.001,78310.87000000
2026-05-02 12:05:348,EURUSDT,SELL,11.0,1.17210000
2026-05-02 12:05:977,SOLUSDT,SELL,0.2,83.83000000
2026-05-02 12:05:44,BTCUSDT,SELL,0.001,78303.02000000
2026-05-02 12:05:669,BTCUSDT,SELL,0.001,78303.02000000
2026-05-02 12:05:861,BTCUSDT,SELL,0.001,78303.02000000
2026-05-02 12:05:658,SOLUSDT,BUY,0.2,83.84000000
2026-05-02 12:05:555,EURUSDT,BUY,11.0,1.17230000
2026-05-02 12:05:476,BTCUSDT,BUY,0.001,78303.03000000
2026-05-02 12:05:298,BTCUSDT,SELL,0.001,78303.02000000
2026-05-02 12:05:611,BTCUSDT,BUY,0.001,78303.95000000
2026-05-02 12:05:111,SOLUSDT,BUY,0.2,83.85000000
2026-05-02 12:05:042,EURUSDT,SELL,11.0,1.17210000
2026-05-02 12:05:033,BTCUSDT,SELL,0.001,78303.93000000
2026-05-02 12:05:283,EURUSDT,SELL,11.0,1.17210000
2026-05-02 12:05:782,BTCUSDT,BUY,0.001,78303.94000000
2026-05-02 12:05:31,ETHUSDT,SELL,0.01,2303.38000000
2026-05-02 12:05:46,BTCUSDT,BUY,0.001,78303.94000000
2026-05-02 12:05:843,ETHUSDT,BUY,0.01,2303.39000000
2026-05-02 12:05:575,BTCUSDT,SELL,0.001,78303.93000000
2026-05-02 12:05:528,ETHUSDT,BUY,0.01,2303.57000000
2026-05-02 12:05:015,EURUSDT,BUY,11.0,1.17230000
2026-05-02 12:05:484,EURUSDT,SELL,11.0,1.17210000
2026-05-02 12:05:784,BNBUSDT,BUY,0.05,615.77000000
2026-05-02 12:05:911,BNBUSDT,BUY,0.05,615.77000000
2026-05-02 12:05:564,BTCUSDT,BUY,0.001,78303.94000000
2026-05-02 12:05:944,EURUSDT,BUY,11.0,1.17230000
2026-05-02 12:05:412,SOLUSDT,SELL,0.2,83.85000000
2026-05-02 12:05:737,BTCUSDT,SELL,0.001,78303.93000000
2026-05-02 12:05:612,BTCUSDT,SELL,0.001,78303.93000000
2026-05-02 12:05:763,ETHUSDT,SELL,0.01,2303.98000000
2026-05-02 12:05:541,ETHUSDT,SELL,0.01,2303.98000000
2026-05-02 12:05:152,BTCUSDT,SELL,0.001,78301.61000000
2026-05-02 12:05:453,BTCUSDT,SELL,0.001,78301.39000000
2026-05-02 12:05:853,BTCUSDT,SELL,0.001,78301.39000000
2026-05-02 12:05:841,BNBUSDT,SELL,0.05,615.74000000
2026-05-02 12:05:552,BNBUSDT,SELL,0.05,615.74000000
2026-05-02 12:05:599,BTCUSDT,SELL,0.001,78301.38000000
2026-05-02 12:05:923,BTCUSDT,SELL,0.001,78300.82000000
2026-05-02 12:05:744,SOLUSDT,SELL,0.2,83.86000000
2026-05-02 12:05:046,BTCUSDT,SELL,0.001,78300.82000000
2026-05-02 12:05:134,ETHUSDT,BUY,0.01,2304.68000000
2026-05-02 12:05:839,BTCUSDT,SELL,0.001,78296.43000000
2026-05-02 12:05:543,SOLUSDT,BUY,0.2,83.89000000
2026-05-02 12:05:003,BTCUSDT,BUY,0.001,78296.44000000
2026-05-02 12:05:355,BTCUSDT,BUY,0.001,78312.89000000
2026-05-02 12:05:242,SOLUSDT,BUY,0.2,83.90000000
2026-05-02 12:05:338,ETHUSDT,BUY,0.01,2305.00000000
2026-05-02 12:05:38,BTCUSDT,SELL,0.001,78312.88000000
2026-05-02 12:11:36,BTCUSDT,SELL,0.001,78306.06000000
2026-05-02 12:11:44,BTCUSDT,SELL,0.001,78301.70000000
2026-05-02 12:11:49,BTCUSDT,SELL,0.001,78301.70000000
2026-05-02 12:11:51,ETHUSDT,SELL,0.01,2304.96000000
2026-05-02 12:11:57,ETHUSDT,SELL,0.01,2304.96000000
2026-05-02 12:12:05,BTCUSDT,BUY,0.001,78301.71000000
2026-05-02 12:12:15,BTCUSDT,SELL,0.001,78301.70000000
2026-05-02 12:12:28,ETHUSDT,BUY,0.01,2304.97000000
2026-05-02 12:12:35,BTCUSDT,BUY,0.001,78301.71000000
2026-05-02 12:12:40,BTCUSDT,SELL,0.001,78301.70000000
2026-05-02 12:12:53,ETHUSDT,SELL,0.01,2304.97000000
2026-05-02 12:12:58,ETHUSDT,BUY,0.01,2304.98000000
2026-05-02 12:13:08,BTCUSDT,SELL,0.001,78298.94000000
2026-05-02 12:13:12,BTCUSDT,SELL,0.001,78298.94000000
2026-05-02 12:13:17,BTCUSDT,SELL,0.001,78298.94000000
2026-05-02 12:13:24,BTCUSDT,BUY,0.001,78298.95000000
2026-05-02 12:13:30,SOLUSDT,SELL,0.2,83.89000000
2026-05-02 12:13:33,BTCUSDT,SELL,0.001,78298.94000000
2026-05-02 12:13:36,BTCUSDT,BUY,0.001,78298.95000000
2026-05-02 12:13:44,SOLUSDT,BUY,0.2,83.90000000
2026-05-02 12:13:46,BTCUSDT,SELL,0.001,78298.07000000
2026-05-02 12:13:51,BTCUSDT,SELL,0.001,78298.07000000
2026-05-02 12:13:59,BTCUSDT,SELL,0.001,78294.16000000
2026-05-02 12:14:03,BTCUSDT,SELL,0.001,78294.16000000
2026-05-02 12:14:10,BTCUSDT,BUY,0.001,78294.17000000
2026-05-02 12:14:17,BTCUSDT,SELL,0.001,78294.16000000
2026-05-02 12:14:33,BTCUSDT,BUY,0.001,78294.17000000
2026-05-02 12:14:40,BTCUSDT,SELL,0.001,78294.16000000
2026-05-02 12:14:44,BTCUSDT,BUY,0.001,78294.17000000
2026-05-02 12:14:51,BTCUSDT,SELL,0.001,78294.16000000
2026-05-02 12:15:08,BTCUSDT,BUY,0.001,78314.50000000
2026-05-02 12:15:12,ETHUSDT,BUY,0.01,2305.16000000
2026-05-02 12:15:19,BTCUSDT,SELL,0.001,78314.49000000
2026-05-02 12:15:36,BTCUSDT,SELL,0.001,78314.49000000
2026-05-02 12:15:39,ETHUSDT,BUY,0.01,2305.24000000
2026-05-02 12:15:41,SOLUSDT,BUY,0.2,83.89000000
2026-05-02 12:15:43,BTCUSDT,BUY,0.001,78314.50000000
2026-05-02 12:16:00,BTCUSDT,BUY,0.001,78326.59000000
2026-05-02 12:16:20,BTCUSDT,SELL,0.001,78320.33000000
2026-05-02 12:16:33,BTCUSDT,BUY,0.001,78320.34000000
2026-05-02 12:18:20,BTCUSDT,BUY,0.001,78320.34000000
2026-05-02 12:19:34,BTCUSDT,BUY,0.001,78320.34000000
2026-05-02 12:21:03,BTCUSDT,BUY,0.001,78341.78000000
2026-05-02 12:21:08,BTCUSDT,BUY,0.001,78341.78000000
2026-05-02 12:21:11,BNBUSDT,SELL,0.05,615.53000000
2026-05-02 12:21:15,BNBUSDT,SELL,0.05,615.53000000
2026-05-02 12:21:32,BTCUSDT,BUY,0.001,78341.78000000
2026-05-02 12:22:00,SOLUSDT,BUY,0.2,83.96000000
2026-05-02 12:22:08,BTCUSDT,SELL,0.001,78341.77000000
2026-05-02 12:23:34,BTCUSDT,SELL,0.001,78317.62000000
2026-05-02 12:23:39,SOLUSDT,SELL,0.2,83.95000000
2026-05-02 12:23:44,BTCUSDT,BUY,0.001,78317.63000000
2026-05-02 12:24:19,BTCUSDT,BUY,0.001,78317.63000000
2026-05-02 12:24:37,BTCUSDT,SELL,0.001,78317.62000000
2026-05-02 12:24:43,BTCUSDT,SELL,0.001,78317.62000000
2026-05-02 12:24:49,BTCUSDT,SELL,0.001,78317.62000000
2026-05-02 12:25:05,BTCUSDT,BUY,0.001,78317.63000000
2026-05-02 12:25:09,SOLUSDT,BUY,0.2,83.96000000
2026-05-02 12:25:14,BTCUSDT,BUY,0.001,78317.63000000
2026-05-02 12:25:19,BTCUSDT,SELL,0.001,78317.62000000
2026-05-02 12:25:25,BTCUSDT,BUY,0.001,78317.63000000
2026-05-02 12:25:47,BTCUSDT,BUY,0.001,78317.63000000
2026-05-02 12:26:09,BTCUSDT,SELL,0.001,78317.62000000
2026-05-02 12:26:15,BTCUSDT,SELL,0.001,78313.48000000
2026-05-02 12:26:20,BTCUSDT,SELL,0.001,78313.48000000
2026-05-02 12:26:26,ETHUSDT,SELL,0.01,2305.58000000
2026-05-02 12:26:50,BTCUSDT,BUY,0.001,78313.49000000
2026-05-02 12:27:00,BTCUSDT,SELL,0.001,78313.48000000
2026-05-02 12:27:15,BTCUSDT,BUY,0.001,78313.49000000
2026-05-02 12:27:27,BTCUSDT,SELL,0.001,78313.48000000
2026-05-02 12:27:57,BTCUSDT,SELL,0.001,78313.48000000
2026-05-02 12:28:14,BTCUSDT,SELL,0.001,78313.48000000
2026-05-02 12:28:17,ETHUSDT,BUY,0.01,2305.59000000
2026-05-02 12:28:31,BTCUSDT,BUY,0.001,78313.49000000
2026-05-02 12:29:02,BTCUSDT,BUY,0.001,78313.49000000
2026-05-02 12:29:12,BTCUSDT,BUY,0.001,78313.49000000
2026-05-02 12:29:24,BTCUSDT,BUY,0.001,78313.49000000
2026-05-02 12:29:29,ETHUSDT,BUY,0.01,2305.70000000
2026-05-02 12:29:45,BTCUSDT,BUY,0.001,78308.64000000
2026-05-02 12:29:53,BTCUSDT,BUY,0.001,78308.64000000
2026-05-02 12:30:07,BTCUSDT,BUY,0.001,78308.64000000
2026-05-02 12:30:14,ETHUSDT,SELL,0.01,2304.14000000
2026-05-02 12:30:21,BTCUSDT,SELL,0.001,78250.54000000
2026-05-02 12:30:36,BTCUSDT,SELL,0.001,78252.34000000
2026-05-02 12:30:39,SOLUSDT,BUY,0.2,83.91000000
2026-05-02 12:30:56,BTCUSDT,SELL,0.001,78252.34000000
2026-05-02 12:31:01,BTCUSDT,BUY,0.001,78252.35000000
2026-05-02 12:31:14,BTCUSDT,BUY,0.001,78252.35000000
2026-05-02 12:31:32,BTCUSDT,BUY,0.001,78252.35000000
2026-05-02 12:31:47,BTCUSDT,SELL,0.001,78262.57000000
2026-05-02 12:32:02,BTCUSDT,BUY,0.001,78270.00000000
2026-05-02 12:32:20,BNBUSDT,BUY,0.05,615.27000000
2026-05-02 12:33:11,ETHUSDT,SELL,0.01,2304.14000000
2026-05-02 12:33:16,SOLUSDT,BUY,0.2,83.93000000
2026-05-02 12:33:21,ETHUSDT,BUY,0.01,2304.15000000
2026-05-02 12:33:29,BTCUSDT,BUY,0.001,78268.42000000
2026-05-02 12:33:49,BTCUSDT,BUY,0.001,78268.42000000
2026-05-02 12:34:04,BTCUSDT,SELL,0.001,78268.41000000
2026-05-02 12:34:07,ETHUSDT,BUY,0.01,2304.23000000
2026-05-02 12:34:11,BTCUSDT,BUY,0.001,78268.42000000
2026-05-02 12:34:36,ETHUSDT,BUY,0.01,2305.00000000
2026-05-02 12:34:40,ETHUSDT,BUY,0.01,2305.00000000
2026-05-02 12:34:50,BTCUSDT,BUY,0.001,78316.70000000
2026-05-02 12:34:55,BNBUSDT,BUY,0.05,615.63000000
2026-05-02 12:35:08,BTCUSDT,SELL,0.001,78316.69000000
2026-05-02 12:35:18,ETHUSDT,BUY,0.01,2305.58000000
2026-05-02 12:35:31,BTCUSDT,SELL,0.001,78316.69000000
2026-05-02 12:35:47,BTCUSDT,BUY,0.001,78324.52000000
2026-05-02 13:17:52,SOLUSDT,SELL,0.2,83.96000000
2026-05-02 13:23:45,ETHUSDT,SELL,0.01,2303.98000000
2026-05-02 13:24:00,BTCUSDT,SELL,0.001,78228.37000000
2026-05-02 13:24:18,ETHUSDT,SELL,0.01,2303.82000000
2026-05-02 13:24:33,BTCUSDT,BUY,0.001,78232.25000000
2026-05-02 13:24:35,BNBUSDT,BUY,0.05,615.32000000
2026-05-02 13:24:37,BNBUSDT,BUY,0.05,615.32000000
2026-05-02 13:24:40,ETHUSDT,BUY,0.01,2304.06000000
2026-05-02 13:24:43,BTCUSDT,SELL,0.001,78232.24000000
2026-05-02 13:24:48,BTCUSDT,BUY,0.001,78232.25000000
2026-05-02 13:24:52,BNBUSDT,SELL,0.05,615.21000000
2026-05-02 13:24:55,BNBUSDT,SELL,0.05,615.21000000
2026-05-02 13:25:00,BTCUSDT,SELL,0.001,78232.24000000
2026-05-02 13:25:05,BTCUSDT,BUY,0.001,78232.25000000
2026-05-02 13:25:08,BTCUSDT,SELL,0.001,78232.24000000
2026-05-02 13:25:41,SOLUSDT,SELL,0.2,83.89000000
2026-05-02 13:26:05,BTCUSDT,BUY,0.001,78232.25000000
2026-05-02 13:26:08,ETHUSDT,SELL,0.01,2304.04000000
2026-05-02 13:26:12,ETHUSDT,SELL,0.01,2304.04000000
2026-05-02 13:26:15,BTCUSDT,SELL,0.001,78232.24000000
2026-05-02 13:26:18,SOLUSDT,BUY,0.2,83.90000000
2026-05-02 13:26:30,BTCUSDT,BUY,0.001,78232.25000000
2026-05-02 13:26:48,BTCUSDT,SELL,0.001,78232.24000000
2026-05-02 13:26:55,ETHUSDT,BUY,0.01,2304.05000000
2026-05-02 13:27:00,BNBUSDT,SELL,0.05,615.19000000
2026-05-02 13:27:03,BNBUSDT,SELL,0.05,615.19000000
2026-05-02 13:27:06,BTCUSDT,BUY,0.001,78232.25000000
2026-05-02 13:27:14,BTCUSDT,SELL,0.001,78232.24000000
2026-05-02 13:27:21,SOLUSDT,SELL,0.2,83.89000000
2026-05-02 13:27:57,BTCUSDT,BUY,0.001,78232.25000000
2026-05-02 13:28:54,BTCUSDT,BUY,0.001,78232.25000000
2026-05-02 13:29:16,BTCUSDT,SELL,0.001,78232.24000000
2026-05-02 13:29:29,BTCUSDT,BUY,0.001,78232.25000000
2026-05-02 13:29:38,BTCUSDT,SELL,0.001,78232.24000000
2026-05-02 13:29:42,BTCUSDT,BUY,0.001,78232.25000000
2026-05-02 13:29:44,ETHUSDT,BUY,0.01,2304.65000000
2026-05-02 13:29:46,BTCUSDT,SELL,0.001,78232.24000000
2026-05-02 13:29:48,ETHUSDT,SELL,0.01,2304.64000000
2026-05-02 13:29:55,BTCUSDT,BUY,0.001,78232.25000000
2026-05-02 13:29:59,BTCUSDT,SELL,0.001,78232.24000000
2026-05-02 13:30:08,ETHUSDT,BUY,0.01,2304.65000000
2026-05-02 13:30:11,ETHUSDT,SELL,0.01,2302.46000000
2026-05-02 13:30:19,BTCUSDT,BUY,0.001,78232.25000000
2026-05-02 13:30:21,ETHUSDT,SELL,0.01,2302.46000000
2026-05-02 13:30:29,BTCUSDT,BUY,0.001,78232.25000000
2026-05-02 13:30:57,ETHUSDT,BUY,0.01,2303.38000000
2026-05-02 13:31:40,BTCUSDT,BUY,0.001,78232.25000000
2026-05-02 13:31:47,BTCUSDT,SELL,0.001,78232.24000000
2026-05-02 13:31:58,ETHUSDT,BUY,0.01,2303.38000000
2026-05-02 13:32:01,BTCUSDT,BUY,0.001,78251.52000000
2026-05-02 13:32:36,BTCUSDT,SELL,0.001,78251.51000000
2026-05-02 13:33:40,BTCUSDT,BUY,0.001,78251.52000000
2026-05-02 13:33:55,BTCUSDT,BUY,0.001,78251.52000000
2026-05-02 13:34:04,BTCUSDT,SELL,0.001,78251.51000000
2026-05-02 13:34:50,BTCUSDT,BUY,0.001,78267.07000000
2026-05-02 13:34:53,ETHUSDT,BUY,0.01,2304.26000000
2026-05-02 13:34:56,BTCUSDT,SELL,0.001,78267.06000000
2026-05-02 13:35:06,BTCUSDT,BUY,0.001,78267.07000000
2026-05-02 13:35:58,BNBUSDT,BUY,0.05,615.47000000
2026-05-02 13:36:05,BTCUSDT,BUY,0.001,78267.07000000
2026-05-02 13:36:54,BTCUSDT,SELL,0.001,78254.73000000
2026-05-02 13:45:08,BTCUSDT,BUY,0.001,78243.19000000
2026-05-02 13:45:13,BNBUSDT,BUY,0.05,615.65000000
2026-05-02 13:45:36,SOLUSDT,BUY,0.2,83.93000000
2026-05-02 13:47:31,SOLUSDT,SELL,0.2,83.91000000
2026-05-02 13:50:12,BTCUSDT,BUY,0.001,78262.60000000
2026-05-02 13:50:34,ETHUSDT,BUY,0.01,2303.65000000
2026-05-02 13:51:22,SOLUSDT,BUY,0.2,83.95000000
2026-05-02 13:54:35,ETHUSDT,BUY,0.01,2304.26000000
2026-05-02 14:00:12,BTCUSDT,SELL,0.001,78190.03000000
2026-05-02 14:00:14,ETHUSDT,SELL,0.01,2302.09000000
2026-05-02 14:00:15,BNBUSDT,SELL,0.05,615.40000000
2026-05-02 14:00:17,SOLUSDT,SELL,0.2,83.88000000
2026-05-02 14:02:02,BTCUSDT,BUY,0.001,78199.93000000
2026-05-02 14:02:08,ETHUSDT,BUY,0.01,2302.30000000
2026-05-02 14:05:56,SOLUSDT,SELL,0.2,83.86000000
2026-05-02 14:10:06,SOLUSDT,SELL,0.2,83.83000000
2026-05-02 14:11:44,BTCUSDT,SELL,0.001,78178.01000000
2026-05-02 14:11:47,BNBUSDT,SELL,0.05,615.13000000
2026-05-02 14:14:32,SOLUSDT,SELL,0.2,83.79000000
2026-05-02 14:17:58,BTCUSDT,BUY,0.001,78191.01000000
2026-05-02 14:23:08,SOLUSDT,SELL,0.2,83.77000000
2026-05-02 14:23:10,ETHUSDT,BUY,0.01,2303.91000000
2026-05-02 14:23:43,ETHUSDT,BUY,0.01,2304.62000000
2026-05-02 14:23:46,SOLUSDT,BUY,0.2,83.81000000
2026-05-02 14:28:36,SOLUSDT,SELL,0.2,83.77000000
2026-05-02 14:28:37,SOLUSDT,SELL,0.2,83.77000000
2026-05-02 14:31:09,BNBUSDT,SELL,0.05,615.21000000
2026-05-02 14:31:11,BNBUSDT,SELL,0.05,615.21000000
2026-05-02 14:31:17,SOLUSDT,SELL,0.2,83.73000000
2026-05-02 14:31:18,SOLUSDT,SELL,0.2,83.73000000
2026-05-02 14:34:16,BTCUSDT,SELL,0.001,78187.68000000
2026-05-02 14:34:17,BTCUSDT,SELL,0.001,78187.68000000
2026-05-02 14:34:18,ETHUSDT,SELL,0.01,2303.33000000
2026-05-02 14:34:49,SOLUSDT,SELL,0.2,83.68000000
2026-05-02 14:35:29,SOLUSDT,SELL,0.2,83.65000000
2026-05-02 14:35:54,BNBUSDT,SELL,0.05,615.00000000
2026-05-02 14:36:35,SOLUSDT,SELL,0.2,83.61000000
2026-05-02 14:36:36,SOLUSDT,SELL,0.2,83.61000000
2026-05-02 14:38:00,SOLUSDT,SELL,0.2,83.58000000
2026-05-02 14:38:00,SOLUSDT,SELL,0.2,83.58000000
2026-05-02 14:39:29,BNBUSDT,BUY,0.05,614.90000000
2026-05-02 14:39:58,BNBUSDT,BUY,0.05,615.07000000
2026-05-02 14:39:59,SOLUSDT,BUY,0.2,83.72000000
2026-05-02 14:40:00,SOLUSDT,BUY,0.2,83.72000000
2026-05-02 14:40:17,BNBUSDT,SELL,0.05,614.92000000
2026-05-02 14:40:32,SOLUSDT,BUY,0.2,83.72000000
2026-05-02 14:43:26,BTCUSDT,SELL,0.001,78129.57000000
2026-05-02 14:43:26,BTCUSDT,SELL,0.001,78129.57000000
2026-05-02 14:45:24,BTCUSDT,SELL,0.001,78135.03000000
2026-05-02 14:45:26,BTCUSDT,SELL,0.001,78135.03000000
2026-05-02 14:48:51,SOLUSDT,SELL,0.2,83.62000000
2026-05-02 14:49:24,ETHUSDT,SELL,0.01,2300.71000000
2026-05-02 14:49:24,ETHUSDT,SELL,0.01,2300.71000000
2026-05-02 14:51:52,SOLUSDT,BUY,0.2,83.63000000
2026-05-02 14:52:35,BNBUSDT,BUY,0.05,615.29000000
2026-05-02 14:52:57,SOLUSDT,BUY,0.2,83.65000000
2026-05-02 14:52:58,SOLUSDT,BUY,0.2,83.65000000
2026-05-02 14:55:02,SOLUSDT,BUY,0.2,83.67000000
2026-05-02 14:55:03,SOLUSDT,BUY,0.2,83.67000000
2026-05-02 14:55:49,ETHUSDT,BUY,0.01,2301.50000000
2026-05-02 14:58:33,BNBUSDT,BUY,0.05,615.66000000
2026-05-02 14:59:05,SOLUSDT,BUY,0.2,83.70000000
2026-05-02 15:02:25,SOLUSDT,SELL,0.2,83.68000000
2026-05-02 15:04:18,SOLUSDT,BUY,0.2,83.72000000
2026-05-02 15:04:19,SOLUSDT,BUY,0.2,83.72000000
2026-05-02 15:06:02,SOLUSDT,BUY,0.2,83.76000000
2026-05-02 15:09:00,SOLUSDT,BUY,0.2,83.81000000
2026-05-02 15:09:39,BTCUSDT,SELL,0.001,78109.85000000
2026-05-02 15:13:10,ETHUSDT,BUY,0.01,2301.96000000
2026-05-02 15:13:19,SOLUSDT,BUY,0.2,83.78000000
2026-05-02 15:25:02,SOLUSDT,BUY,0.2,83.91000000
2026-05-02 15:25:07,BNBUSDT,BUY,0.05,615.92000000
2026-05-02 15:25:59,BTCUSDT,BUY,0.001,78215.91000000
2026-05-02 15:26:06,SOLUSDT,BUY,0.2,83.96000000
2026-05-02 15:26:32,ETHUSDT,BUY,0.01,2305.09000000
2026-05-02 15:27:10,SOLUSDT,BUY,0.2,83.98000000
2026-05-02 15:29:09,SOLUSDT,BUY,0.2,84.01000000
2026-05-02 15:29:10,SOLUSDT,BUY,0.2,84.01000000
2026-05-02 15:31:50,SOLUSDT,SELL,0.2,83.90000000
2026-05-02 17:30:35,SOLUSDT,BUY,0.2,84.02000000
2026-05-02 17:31:01,SOLUSDT,SELL,0.2,83.99000000
2026-05-02 17:31:27,BNBUSDT,SELL,0.05,616.75000000
2026-05-02 17:31:32,BNBUSDT,SELL,0.05,616.75000000
2026-05-02 17:32:28,BNBUSDT,BUY,0.05,616.97000000
2026-05-02 17:32:31,ETHUSDT,BUY,0.01,2306.98000000
2026-05-02 17:33:09,SOLUSDT,BUY,0.2,84.02000000
2026-05-02 17:33:23,ETHUSDT,BUY,0.01,2307.73000000
2026-05-02 17:33:29,BNBUSDT,BUY,0.05,617.12000000
2026-05-02 17:34:10,ETHUSDT,SELL,0.01,2307.14000000
2026-05-02 17:34:18,BTCUSDT,BUY,0.001,78434.99000000
2026-05-02 17:35:14,ETHUSDT,BUY,0.01,2307.99000000
2026-05-02 17:36:14,BNBUSDT,SELL,0.05,616.98000000
2026-05-02 17:36:48,ETHUSDT,SELL,0.01,2307.39000000
2026-05-02 17:37:12,SOLUSDT,SELL,0.2,84.01000000
2026-05-02 17:38:26,ETHUSDT,SELL,0.01,2306.79000000
2026-05-02 17:38:43,BTCUSDT,SELL,0.001,78398.61000000
2026-05-02 17:38:45,ETHUSDT,SELL,0.01,2306.28000000
2026-05-02 17:38:48,SOLUSDT,SELL,0.2,83.98000000
2026-05-02 17:40:08,ETHUSDT,SELL,0.01,2305.63000000
2026-05-02 17:43:46,BNBUSDT,SELL,0.05,616.75000000
2026-05-02 17:51:29,BTCUSDT,BUY,0.001,78443.79000000
2026-05-02 17:51:31,ETHUSDT,BUY,0.01,2307.54000000
2026-05-02 17:51:35,SOLUSDT,BUY,0.2,84.05000000
2026-05-02 17:51:48,SOLUSDT,BUY,0.2,84.08000000
2026-05-02 17:52:03,BTCUSDT,BUY,0.001,78465.05000000
2026-05-02 17:54:32,ETHUSDT,SELL,0.01,2306.58000000
2026-05-02 17:57:58,SOLUSDT,SELL,0.2,83.97000000
2026-05-02 17:58:02,BNBUSDT,SELL,0.05,616.98000000
2026-05-02 17:59:51,BNBUSDT,SELL,0.05,616.81000000
2026-05-02 18:06:59,SOLUSDT,BUY,0.2,84.02000000
2026-05-02 18:07:04,ETHUSDT,BUY,0.01,2308.51000000
2026-05-02 18:09:55,ETHUSDT,SELL,0.01,2308.00000000
2026-05-02 18:11:03,BNBUSDT,BUY,0.05,617.26000000
2026-05-02 18:12:56,SOLUSDT,SELL,0.2,83.97000000
2026-05-02 18:16:46,BTCUSDT,SELL,0.001,78405.00000000
2026-05-02 18:16:49,ETHUSDT,SELL,0.01,2306.00000000
2026-05-02 18:17:02,SOLUSDT,SELL,0.2,83.96000000
2026-05-02 18:19:03,SOLUSDT,SELL,0.2,83.94000000
2026-05-02 18:19:17,BTCUSDT,SELL,0.001,78366.04000000
2026-05-02 18:20:58,ETHUSDT,BUY,0.01,2306.02000000
2026-05-02 18:23:28,SOLUSDT,BUY,0.2,84.00000000
2026-05-02 18:23:39,ETHUSDT,BUY,0.01,2306.79000000
2026-05-02 18:43:26,BTCUSDT,BUY,0.001,78435.26000000
2026-05-02 19:32:24,ETHUSDT,BUY,0.01,2308.53000000
2026-05-02 19:34:35,BNBUSDT,SELL,0.05,617.90000000
2026-05-02 20:10:09,BTCUSDT,BUY,0.001,78459.19000000
2026-05-02 20:10:12,ETHUSDT,BUY,0.01,2309.76000000
2026-05-02 20:10:15,SOLUSDT,BUY,0.2,84.15000000
2026-05-02 21:16:13,BNBUSDT,BUY,0.05,618.15000000
2026-05-02 21:16:40,ETHUSDT,BUY,0.01,2307.21000000
2026-05-02 21:17:40,SOLUSDT,BUY,0.2,84.01000000
2026-05-02 21:18:27,SOLUSDT,BUY,0.2,84.02000000
2026-05-02 21:18:46,BTCUSDT,BUY,0.001,78373.54000000
2026-05-02 21:18:49,ETHUSDT,BUY,0.01,2309.48000000
2026-05-02 21:18:51,BNBUSDT,BUY,0.05,618.50000000
2026-05-02 21:18:52,SOLUSDT,BUY,0.2,84.08000000
2026-05-02 21:20:34,SOLUSDT,BUY,0.2,84.09000000
2026-05-02 21:21:13,SOLUSDT,BUY,0.2,84.13000000
2026-05-02 21:21:18,SOLUSDT,BUY,0.2,84.13000000
2026-05-02 21:21:30,ETHUSDT,BUY,0.01,2310.04000000
2026-05-02 21:21:59,BNBUSDT,BUY,0.05,618.67000000
2026-05-02 21:22:03,ETHUSDT,SELL,0.01,2309.26000000
2026-05-02 21:22:21,BNBUSDT,SELL,0.05,618.46000000
2026-05-02 21:24:51,BTCUSDT,SELL,0.001,78366.00000000
2026-05-02 21:24:55,SOLUSDT,SELL,0.2,84.10000000
2026-05-02 21:25:17,ETHUSDT,SELL,0.01,2308.64000000
2026-05-02 21:29:53,BTCUSDT,BUY,0.001,78391.92000000
2026-05-02 21:29:57,ETHUSDT,BUY,0.01,2309.28000000
2026-05-02 21:31:04,BNBUSDT,BUY,0.05,618.67000000
2026-05-02 21:32:03,BTCUSDT,BUY,0.001,78419.65000000
2026-05-02 21:32:05,ETHUSDT,BUY,0.01,2310.00000000
2026-05-02 21:32:21,BTCUSDT,BUY,0.001,78445.00000000
2026-05-02 21:32:23,ETHUSDT,BUY,0.01,2310.85000000
2026-05-02 21:32:27,SOLUSDT,BUY,0.2,84.18000000
2026-05-02 21:35:05,BNBUSDT,BUY,0.05,619.01000000
2026-05-02 21:37:52,ETHUSDT,SELL,0.01,2309.98000000
2026-05-02 21:39:20,BNBUSDT,SELL,0.05,618.60000000
2026-05-02 21:44:17,BNBUSDT,BUY,0.05,618.75000000
2026-05-02 21:50:04,BNBUSDT,BUY,0.05,618.93000000
2026-05-02 21:51:53,SOLUSDT,SELL,0.2,84.19000000
2026-05-02 21:53:46,BTCUSDT,BUY,0.001,78484.65000000
2026-05-02 22:00:10,BNBUSDT,SELL,0.05,618.62000000
2026-05-02 22:01:20,SOLUSDT,SELL,0.2,84.18000000
2026-05-02 22:13:44,BNBUSDT,BUY,0.05,618.78000000
2026-05-02 22:14:18,ETHUSDT,BUY,0.01,2311.77000000
2026-05-02 22:14:27,SOLUSDT,BUY,0.2,84.30000000
2026-05-02 22:14:38,ETHUSDT,BUY,0.01,2312.48000000
2026-05-02 22:17:39,SOLUSDT,SELL,0.2,84.25000000
2026-05-02 22:18:47,BNBUSDT,SELL,0.05,618.65000000
2026-05-02 22:24:03,SOLUSDT,SELL,0.2,84.21000000
2026-05-02 22:30:12,BNBUSDT,SELL,0.05,618.25000000
2026-05-02 22:32:38,ETHUSDT,BUY,0.01,2310.85000000
2026-05-02 22:33:07,SOLUSDT,BUY,0.2,84.24000000
2026-05-02 22:40:09,BNBUSDT,BUY,0.05,618.61000000
2026-05-02 22:41:29,BNBUSDT,BUY,0.05,618.78000000
2026-05-02 23:06:27,SOLUSDT,BUY,0.2,84.18000000
2026-05-02 23:16:32,BNBUSDT,SELL,0.05,618.36000000
2026-05-02 23:22:41,BNBUSDT,BUY,0.05,618.79000000
2026-05-02 23:25:42,ETHUSDT,SELL,0.01,2310.19000000
2026-05-02 23:30:02,BNBUSDT,SELL,0.05,618.42000000
2026-05-02 23:31:33,SOLUSDT,BUY,0.2,84.20000000
2026-05-02 23:32:19,ETHUSDT,BUY,0.01,2311.46000000
2026-05-02 23:35:04,BNBUSDT,SELL,0.05,618.49000000
2026-05-02 23:36:37,SOLUSDT,BUY,0.2,84.22000000
2026-05-02 23:47:10,SOLUSDT,SELL,0.2,84.15000000
2026-05-03 00:00:46,SOLUSDT,BUY,0.2,84.21000000
2026-05-03 00:17:54,SOLUSDT,BUY,0.2,84.20000000
2026-05-03 00:18:55,SOLUSDT,BUY,0.2,84.23000000
2026-05-03 00:19:10,ETHUSDT,BUY,0.01,2312.37000000
2026-05-03 00:26:51,BTCUSDT,BUY,0.001,78493.98000000
2026-05-03 00:31:12,ETHUSDT,BUY,0.01,2314.48000000
2026-05-03 00:35:10,SOLUSDT,BUY,0.2,84.54000000
2026-05-03 00:35:23,ETHUSDT,BUY,0.01,2315.22000000
2026-05-03 00:35:30,SOLUSDT,SELL,0.2,84.50000000
2026-05-03 00:35:44,SOLUSDT,BUY,0.2,84.45000000
2026-05-03 00:36:56,SOLUSDT,BUY,0.2,84.47000000
2026-05-03 00:37:05,BNBUSDT,SELL,0.05,619.45000000
2026-05-03 00:37:08,ETHUSDT,BUY,0.01,2317.15000000
2026-05-03 00:37:58,BNBUSDT,BUY,0.05,621.47000000
2026-05-03 00:38:01,SOLUSDT,BUY,0.2,84.86000000
2026-05-03 00:38:05,ETHUSDT,SELL,0.01,2336.34000000
2026-05-03 00:38:51,BTCUSDT,SELL,0.001,79035.82000000
2026-05-03 00:39:07,SOLUSDT,SELL,0.2,84.84000000
2026-05-03 00:39:10,ETHUSDT,BUY,0.01,2338.72000000
2026-05-03 00:39:14,BNBUSDT,SELL,0.05,620.86000000
2026-05-03 00:39:24,BNBUSDT,SELL,0.05,620.57000000
2026-05-03 00:39:32,SOLUSDT,BUY,0.2,84.78000000
2026-05-03 00:39:42,BNBUSDT,SELL,0.05,620.33000000
2026-05-03 00:39:58,ETHUSDT,SELL,0.01,2333.94000000
2026-05-03 00:40:22,ETHUSDT,SELL,0.01,2333.42000000
2026-05-03 00:40:31,BTCUSDT,SELL,0.001,78862.69000000
2026-05-03 00:40:44,SOLUSDT,SELL,0.2,84.63000000
2026-05-03 00:42:19,BTCUSDT,BUY,0.001,78857.96000000
2026-05-03 00:42:22,BNBUSDT,BUY,0.05,620.05000000
2026-05-03 00:42:25,SOLUSDT,BUY,0.2,84.67000000
2026-05-03 00:42:38,SOLUSDT,SELL,0.2,84.61000000
2026-05-03 00:42:54,ETHUSDT,SELL,0.01,2328.91000000
2026-05-03 00:42:56,BNBUSDT,SELL,0.05,619.81000000
2026-05-03 00:44:05,BNBUSDT,SELL,0.05,619.61000000
2026-05-03 00:44:13,SOLUSDT,SELL,0.2,84.56000000
2026-05-03 00:45:01,ETHUSDT,BUY,0.01,2328.26000000
2026-05-03 00:45:19,BNBUSDT,BUY,0.05,619.68000000
2026-05-03 00:45:27,ETHUSDT,BUY,0.01,2330.74000000
2026-05-03 00:46:19,SOLUSDT,BUY,0.2,84.77000000
2026-05-03 00:46:54,SOLUSDT,SELL,0.2,84.74000000
2026-05-03 00:47:24,BTCUSDT,BUY,0.001,78834.98000000
2026-05-03 00:47:27,SOLUSDT,SELL,0.2,84.72000000
2026-05-03 00:47:50,BTCUSDT,BUY,0.001,79018.77000000
2026-05-03 00:48:15,BTCUSDT,SELL,0.001,78855.94000000
2026-05-03 00:48:19,BNBUSDT,BUY,0.05,620.42000000
2026-05-03 00:49:56,ETHUSDT,SELL,0.01,2326.76000000
2026-05-03 00:51:12,BTCUSDT,BUY,0.001,78785.58000000
2026-05-03 00:51:18,SOLUSDT,BUY,0.2,84.76000000
2026-05-03 00:52:36,BTCUSDT,BUY,0.001,78787.22000000
2026-05-03 00:53:11,ETHUSDT,BUY,0.01,2328.29000000
2026-05-03 00:53:42,BTCUSDT,SELL,0.001,77977.29000000
2026-05-03 00:54:55,SOLUSDT,SELL,0.2,84.54000000
2026-05-03 00:56:04,SOLUSDT,BUY,0.2,84.61000000
2026-05-03 00:56:16,BTCUSDT,BUY,0.001,78748.95000000
2026-05-03 00:58:53,ETHUSDT,SELL,0.01,2326.27000000
2026-05-03 01:00:13,ETHUSDT,BUY,0.01,2327.41000000
2026-05-03 01:00:16,SOLUSDT,BUY,0.2,84.61000000
2026-05-03 01:00:18,BTCUSDT,BUY,0.001,78741.60000000
2026-05-03 01:01:29,ETHUSDT,SELL,0.01,2327.16000000
2026-05-03 01:01:47,BTCUSDT,SELL,0.001,78760.18000000
2026-05-03 01:02:20,BNBUSDT,SELL,0.05,619.40000000
2026-05-03 01:02:38,SOLUSDT,SELL,0.2,84.53000000
2026-05-03 01:03:12,BTCUSDT,SELL,0.001,78690.04000000
2026-05-03 01:03:30,ETHUSDT,SELL,0.01,2323.72000000
2026-05-03 01:04:20,SOLUSDT,BUY,0.2,84.49000000
2026-05-03 01:05:43,BTCUSDT,SELL,0.001,78756.79000000
2026-05-03 01:06:13,SOLUSDT,BUY,0.2,84.51000000
2026-05-03 01:07:44,SOLUSDT,SELL,0.2,84.43000000
2026-05-03 01:09:56,ETHUSDT,BUY,0.01,2326.43000000
2026-05-03 01:10:15,ETHUSDT,SELL,0.01,2325.71000000
2026-05-03 01:12:16,SOLUSDT,BUY,0.2,84.44000000
2026-05-03 01:13:17,SOLUSDT,BUY,0.2,84.46000000
2026-05-03 01:14:13,SOLUSDT,SELL,0.2,84.43000000
2026-05-03 01:15:26,ETHUSDT,SELL,0.01,2324.90000000
2026-05-03 01:15:30,SOLUSDT,SELL,0.2,84.40000000
2026-05-03 01:18:00,BNBUSDT,SELL,0.05,618.96000000
2026-05-03 01:18:31,ETHUSDT,SELL,0.01,2324.10000000
2026-05-03 01:18:49,ETHUSDT,SELL,0.01,2323.18000000
2026-05-03 01:19:39,BTCUSDT,SELL,0.001,78677.79000000
2026-05-03 01:20:02,SOLUSDT,SELL,0.2,84.26000000
2026-05-03 01:22:06,SOLUSDT,SELL,0.2,84.22000000
2026-05-03 01:25:27,ETHUSDT,SELL,0.01,2318.60000000
2026-05-03 01:25:44,ETHUSDT,BUY,0.01,2319.47000000
2026-05-03 01:28:15,BNBUSDT,SELL,0.05,618.37000000
2026-05-03 01:30:29,ETHUSDT,BUY,0.01,2319.76000000
2026-05-03 01:32:38,ETHUSDT,BUY,0.01,2322.40000000
2026-05-03 01:34:18,BTCUSDT,SELL,0.001,78700.64000000
2026-05-03 01:35:09,BTCUSDT,BUY,0.001,78714.70000000
2026-05-03 01:35:30,SOLUSDT,BUY,0.2,84.38000000
2026-05-03 01:35:56,BNBUSDT,BUY,0.05,618.98000000
2026-05-03 01:36:34,ETHUSDT,SELL,0.01,2323.99000000
2026-05-03 01:40:00,SOLUSDT,SELL,0.2,84.27000000
2026-05-03 01:40:46,BTCUSDT,SELL,0.001,78703.48000000
2026-05-03 01:40:55,ETHUSDT,BUY,0.01,2322.67000000
2026-05-03 01:41:47,ETHUSDT,SELL,0.01,2321.86000000
2026-05-03 01:41:51,BTCUSDT,SELL,0.001,78671.30000000
2026-05-03 01:42:13,BNBUSDT,BUY,0.05,618.61000000
2026-05-03 01:45:42,BTCUSDT,BUY,0.001,78679.99000000
2026-05-03 01:46:53,SOLUSDT,BUY,0.2,84.28000000
2026-05-03 01:50:04,BTCUSDT,BUY,0.001,78712.69000000
2026-05-03 01:50:12,ETHUSDT,SELL,0.01,2321.63000000
2026-05-03 01:50:29,SOLUSDT,SELL,0.2,84.30000000
2026-05-03 01:50:38,SOLUSDT,BUY,0.2,84.32000000
2026-05-03 01:50:46,BTCUSDT,BUY,0.001,78749.99000000
2026-05-03 01:51:31,BTCUSDT,SELL,0.001,78810.62000000
2026-05-03 01:51:35,SOLUSDT,BUY,0.2,84.41000000
2026-05-03 01:52:37,ETHUSDT,BUY,0.01,2325.53000000
2026-05-03 01:53:31,SOLUSDT,BUY,0.2,84.47000000
2026-05-03 01:54:52,ETHUSDT,BUY,0.01,2325.49000000
2026-05-03 01:55:27,ETHUSDT,BUY,0.01,2327.09000000
2026-05-03 01:56:08,ETHUSDT,SELL,0.01,2327.63000000
2026-05-03 01:56:17,BTCUSDT,BUY,0.001,78872.39000000
2026-05-03 01:56:34,BTCUSDT,SELL,0.001,78844.12000000
2026-05-03 01:56:36,ETHUSDT,SELL,0.01,2327.16000000
2026-05-03 01:58:18,SOLUSDT,SELL,0.2,84.46000000
2026-05-03 01:58:33,SOLUSDT,SELL,0.2,84.44000000
2026-05-03 02:00:29,ETHUSDT,SELL,0.01,2324.62000000
2026-05-03 02:00:40,SOLUSDT,SELL,0.2,84.39000000
2026-05-03 02:00:55,BNBUSDT,SELL,0.05,619.31000000
2026-05-03 02:02:21,BTCUSDT,BUY,0.001,78772.58000000
2026-05-03 02:04:14,BNBUSDT,SELL,0.05,618.80000000
2026-05-03 02:05:02,BNBUSDT,BUY,0.05,618.93000000
2026-05-03 02:07:47,SOLUSDT,SELL,0.2,84.32000000
2026-05-03 02:08:41,SOLUSDT,SELL,0.2,84.30000000
2026-05-03 02:09:22,BTCUSDT,BUY,0.001,78709.60000000
2026-05-03 02:09:40,ETHUSDT,BUY,0.01,2323.15000000
2026-05-03 02:12:53,BTCUSDT,BUY,0.001,78766.63000000
2026-05-03 02:13:44,ETHUSDT,BUY,0.01,2323.24000000
2026-05-03 02:14:13,SOLUSDT,SELL,0.2,84.35000000
2026-05-03 02:17:09,ETHUSDT,SELL,0.01,2322.08000000
2026-05-03 02:17:24,BTCUSDT,BUY,0.001,78748.43000000
2026-05-03 02:17:43,SOLUSDT,BUY,0.2,84.42000000
2026-05-03 02:18:23,ETHUSDT,SELL,0.01,2322.30000000
2026-05-03 02:18:36,ETHUSDT,SELL,0.01,2321.62000000
2026-05-03 02:20:49,SOLUSDT,BUY,0.2,84.41000000
2026-05-03 02:22:38,BTCUSDT,BUY,0.001,78769.01000000
2026-05-03 02:22:54,BNBUSDT,SELL,0.05,618.39000000
2026-05-03 02:25:50,SOLUSDT,SELL,0.2,84.40000000
2026-05-03 02:26:34,BTCUSDT,BUY,0.001,78775.41000000
2026-05-03 02:27:51,ETHUSDT,BUY,0.01,2322.26000000
2026-05-03 02:31:31,BTCUSDT,BUY,0.001,78809.51000000
2026-05-03 02:31:58,SOLUSDT,SELL,0.2,84.48000000
2026-05-03 02:36:30,SOLUSDT,BUY,0.2,84.47000000
2026-05-03 02:36:32,BTCUSDT,SELL,0.001,78766.47000000
2026-05-03 02:36:35,ETHUSDT,BUY,0.01,2320.62000000
2026-05-03 02:36:41,SOLUSDT,SELL,0.2,84.44000000
2026-05-03 02:39:14,BNBUSDT,SELL,0.05,618.38000000
2026-05-03 02:40:31,ETHUSDT,SELL,0.01,2318.49000000
2026-05-03 02:43:00,SOLUSDT,SELL,0.2,84.38000000
2026-05-03 02:50:03,SOLUSDT,BUY,0.2,84.34000000
2026-05-03 02:52:44,BNBUSDT,BUY,0.05,617.79000000
2026-05-03 02:53:07,SOLUSDT,SELL,0.2,84.35000000
2026-05-03 02:56:23,BNBUSDT,BUY,0.05,618.00000000
2026-05-03 02:56:55,SOLUSDT,SELL,0.2,84.26000000
2026-05-03 02:58:50,BNBUSDT,SELL,0.05,618.06000000
2026-05-03 02:59:52,ETHUSDT,BUY,0.01,2317.08000000
2026-05-03 03:01:06,BNBUSDT,BUY,0.05,618.22000000
2026-05-03 03:04:01,BTCUSDT,SELL,0.001,78740.01000000
2026-05-03 03:04:03,ETHUSDT,SELL,0.01,2316.36000000
2026-05-03 03:04:59,SOLUSDT,SELL,0.2,84.19000000
2026-05-03 03:05:14,SOLUSDT,SELL,0.2,84.17000000
2026-05-03 03:07:13,BNBUSDT,SELL,0.05,618.38000000
2026-05-03 03:07:43,BTCUSDT,SELL,0.001,78642.88000000
2026-05-03 03:07:55,BNBUSDT,SELL,0.05,618.14000000
2026-05-03 03:09:23,BTCUSDT,BUY,0.001,78624.00000000
2026-05-03 03:09:52,SOLUSDT,BUY,0.2,84.10000000
2026-05-03 03:10:14,SOLUSDT,SELL,0.2,84.07000000
2026-05-03 03:10:48,ETHUSDT,SELL,0.01,2314.58000000
2026-05-03 03:13:44,ETHUSDT,SELL,0.01,2313.74000000
2026-05-03 03:14:02,SOLUSDT,SELL,0.2,83.98000000
2026-05-03 03:14:14,BNBUSDT,SELL,0.05,617.72000000
2026-05-03 03:15:08,BNBUSDT,SELL,0.05,617.37000000
2026-05-03 03:15:11,SOLUSDT,BUY,0.2,83.95000000
2026-05-03 03:15:32,SOLUSDT,SELL,0.2,83.92000000
2026-05-03 03:15:43,ETHUSDT,SELL,0.01,2311.64000000
2026-05-03 03:15:48,SOLUSDT,SELL,0.2,83.89000000
2026-05-03 03:17:04,SOLUSDT,BUY,0.2,83.89000000
2026-05-03 03:17:25,BTCUSDT,BUY,0.001,78577.39000000
2026-05-03 03:17:58,ETHUSDT,SELL,0.01,2311.91000000
2026-05-03 03:18:04,SOLUSDT,SELL,0.2,83.86000000
2026-05-03 03:18:50,ETHUSDT,BUY,0.01,2313.53000000
2026-05-03 03:18:52,SOLUSDT,BUY,0.2,84.03000000
2026-05-03 03:19:05,BTCUSDT,SELL,0.001,78607.12000000
2026-05-03 03:19:24,ETHUSDT,BUY,0.01,2315.10000000
2026-05-03 03:19:27,SOLUSDT,BUY,0.2,84.08000000
2026-05-03 03:20:14,BTCUSDT,BUY,0.001,78578.41000000
2026-05-03 03:20:31,ETHUSDT,BUY,0.01,2313.39000000
2026-05-03 03:25:27,BTCUSDT,BUY,0.001,78608.00000000
2026-05-03 03:26:05,SOLUSDT,BUY,0.2,84.10000000
2026-05-03 03:27:11,BNBUSDT,SELL,0.05,617.76000000
2026-05-03 03:27:47,BTCUSDT,BUY,0.001,78603.28000000
2026-05-03 03:27:57,BTCUSDT,BUY,0.001,78607.87000000
2026-05-03 03:29:23,ETHUSDT,BUY,0.01,2315.73000000
2026-05-03 03:31:05,SOLUSDT,BUY,0.2,84.16000000
2026-05-03 03:37:07,BNBUSDT,SELL,0.05,617.87000000
2026-05-03 03:38:46,ETHUSDT,BUY,0.01,2315.75000000
2026-05-03 03:38:51,ETHUSDT,BUY,0.01,2315.75000000
2026-05-03 03:40:14,SOLUSDT,BUY,0.2,84.13000000
2026-05-03 03:41:05,SOLUSDT,SELL,0.2,84.09000000
2026-05-03 03:42:42,BNBUSDT,SELL,0.05,617.54000000
2026-05-03 03:45:05,BNBUSDT,BUY,0.05,617.62000000
2026-05-03 03:47:07,ETHUSDT,SELL,0.01,2314.72000000
2026-05-03 03:48:05,BNBUSDT,SELL,0.05,617.29000000
2026-05-03 03:48:47,BTCUSDT,SELL,0.001,78510.00000000
2026-05-03 03:49:14,SOLUSDT,BUY,0.2,84.00000000
2026-05-03 03:51:06,ETHUSDT,BUY,0.01,2313.18000000
2026-05-03 03:54:18,BTCUSDT,BUY,0.001,78523.08000000
2026-05-03 03:54:35,BTCUSDT,SELL,0.001,78500.00000000
2026-05-03 03:54:38,ETHUSDT,SELL,0.01,2311.93000000
2026-05-03 03:56:17,SOLUSDT,BUY,0.2,84.04000000
2026-05-03 03:58:37,SOLUSDT,BUY,0.2,84.07000000
2026-05-03 03:59:05,ETHUSDT,BUY,0.01,2314.29000000
2026-05-03 04:00:29,ETHUSDT,SELL,0.01,2313.11000000
2026-05-03 04:01:44,BNBUSDT,BUY,0.05,617.34000000
2026-05-03 04:01:48,ETHUSDT,BUY,0.01,2310.97000000
2026-05-03 04:01:50,BNBUSDT,SELL,0.05,617.33000000
2026-05-03 04:02:39,BTCUSDT,SELL,0.001,78369.60000000
2026-05-03 04:02:51,SOLUSDT,BUY,0.2,83.88000000
2026-05-03 04:03:11,BTCUSDT,BUY,0.001,78344.47000000
2026-05-03 04:03:15,SOLUSDT,BUY,0.2,83.92000000
2026-05-03 04:03:27,BTCUSDT,BUY,0.001,78390.41000000
2026-05-03 04:04:36,BTCUSDT,SELL,0.001,78361.36000000
2026-05-03 04:07:42,BTCUSDT,BUY,0.001,78392.00000000
2026-05-03 04:07:49,BTCUSDT,BUY,0.001,80500.00000000
2026-05-03 04:07:53,BNBUSDT,BUY,0.05,617.30000000
2026-05-03 04:08:50,ETHUSDT,SELL,0.01,2309.27000000
2026-05-03 04:10:15,ETHUSDT,BUY,0.01,2308.07000000
2026-05-03 04:10:17,BNBUSDT,SELL,0.05,616.69000000
2026-05-03 04:10:20,SOLUSDT,SELL,0.2,83.95000000
2026-05-03 04:10:52,SOLUSDT,BUY,0.2,83.98000000
2026-05-03 04:11:07,BNBUSDT,BUY,0.05,616.86000000
2026-05-03 04:11:21,SOLUSDT,SELL,0.2,83.96000000
2026-05-03 04:12:35,BNBUSDT,SELL,0.05,616.66000000
2026-05-03 04:13:10,ETHUSDT,BUY,0.01,2308.97000000
2026-05-03 04:16:46,SOLUSDT,BUY,0.2,84.00000000
2026-05-03 04:17:08,SOLUSDT,SELL,0.2,83.96000000
2026-05-03 04:18:51,SOLUSDT,SELL,0.2,83.87000000
2026-05-03 04:19:07,BNBUSDT,SELL,0.05,616.21000000
2026-05-03 04:19:22,BTCUSDT,SELL,0.001,78270.65000000
2026-05-03 04:21:30,SOLUSDT,SELL,0.2,83.82000000
2026-05-03 04:22:30,SOLUSDT,SELL,0.2,83.79000000
2026-05-03 04:22:46,SOLUSDT,BUY,0.2,83.83000000
2026-05-03 04:24:05,SOLUSDT,BUY,0.2,83.87000000
2026-05-03 04:27:08,SOLUSDT,SELL,0.2,83.85000000
2026-05-03 04:27:25,ETHUSDT,SELL,0.01,2306.65000000
2026-05-03 04:28:40,SOLUSDT,SELL,0.2,83.88000000
2026-05-03 04:30:13,ETHUSDT,SELL,0.01,2306.86000000
2026-05-03 04:30:49,SOLUSDT,BUY,0.2,83.85000000
2026-05-03 04:32:26,ETHUSDT,SELL,0.01,2306.90000000
2026-05-03 04:36:14,BNBUSDT,SELL,0.05,616.17000000
2026-05-03 04:37:41,BTCUSDT,SELL,0.001,78173.15000000
2026-05-03 04:37:59,BTCUSDT,SELL,0.001,78154.58000000
2026-05-03 04:38:07,BNBUSDT,SELL,0.05,615.92000000
2026-05-03 04:39:32,SOLUSDT,SELL,0.2,83.75000000
2026-05-03 04:41:45,BTCUSDT,SELL,0.001,78210.75000000
2026-05-03 04:43:20,ETHUSDT,SELL,0.01,2304.67000000
2026-05-03 04:47:23,BTCUSDT,BUY,0.001,78269.98000000
2026-05-03 04:49:05,BTCUSDT,SELL,0.001,78251.55000000
2026-05-03 04:49:40,BTCUSDT,BUY,0.001,78283.22000000
2026-05-03 04:49:48,BTCUSDT,SELL,0.001,83974.99000000
2026-05-03 04:49:51,BTCUSDT,SELL,0.001,78283.21000000
2026-05-03 04:53:45,ETHUSDT,SELL,0.01,2304.14000000
2026-05-03 04:56:48,ETHUSDT,BUY,0.01,2303.93000000
2026-05-03 04:56:53,ETHUSDT,BUY,0.01,2303.93000000
2026-05-03 04:58:43,ETHUSDT,SELL,0.01,2238.61000000
2026-05-03 04:59:46,ETHUSDT,SELL,0.01,2303.98000000
2026-05-03 05:00:12,BTCUSDT,BUY,0.001,78215.92000000
2026-05-03 05:01:20,ETHUSDT,BUY,0.01,2303.90000000
2026-05-03 05:01:43,ETHUSDT,SELL,0.01,2304.79000000
2026-05-03 05:02:05,SOLUSDT,BUY,0.2,83.79000000
2026-05-03 05:03:29,ETHUSDT,BUY,0.01,2305.64000000
2026-05-03 05:06:18,BTCUSDT,BUY,0.001,78297.11000000
2026-05-03 05:06:34,ETHUSDT,SELL,0.01,2305.67000000
2026-05-03 05:09:42,ETHUSDT,SELL,0.01,2305.93000000
2026-05-03 05:10:30,BTCUSDT,SELL,0.001,78221.22000000
2026-05-03 05:10:50,BTCUSDT,SELL,0.001,78200.00000000
2026-05-03 05:10:54,SOLUSDT,SELL,0.2,83.68000000
2026-05-03 05:13:13,SOLUSDT,SELL,0.2,83.65000000
2026-05-03 05:13:44,BTCUSDT,SELL,0.001,78121.57000000
2026-05-03 05:14:02,SOLUSDT,BUY,0.2,83.66000000
2026-05-03 05:14:17,ETHUSDT,BUY,0.01,2301.50000000
2026-05-03 05:14:36,ETHUSDT,BUY,0.01,2302.58000000
2026-05-03 05:14:39,SOLUSDT,BUY,0.2,83.70000000
2026-05-03 05:17:44,BTCUSDT,BUY,0.001,78160.96000000
2026-05-03 05:20:15,BTCUSDT,BUY,0.001,78144.99000000
2026-05-03 05:20:48,SOLUSDT,BUY,0.2,83.62000000
2026-05-03 05:25:26,ETHUSDT,SELL,0.01,2299.87000000
2026-05-03 05:29:22,ETHUSDT,SELL,0.01,2299.68000000
2026-05-03 05:33:16,SOLUSDT,BUY,0.2,83.68000000
2026-05-03 05:33:28,BNBUSDT,BUY,0.05,615.69000000
2026-05-03 05:35:28,BTCUSDT,SELL,0.001,78147.19000000
2026-05-03 05:37:45,BNBUSDT,SELL,0.05,615.60000000
2026-05-03 05:37:52,ETHUSDT,SELL,0.01,2301.00000000
2026-05-03 05:40:29,BNBUSDT,BUY,0.05,615.89000000
2026-05-03 05:40:32,BTCUSDT,BUY,0.001,78150.79000000
2026-05-03 05:40:43,SOLUSDT,BUY,0.2,83.65000000
2026-05-03 05:41:52,ETHUSDT,BUY,0.01,2301.71000000
2026-05-03 05:42:52,ETHUSDT,BUY,0.01,2301.23000000
2026-05-03 05:43:56,SOLUSDT,SELL,0.2,83.63000000
2026-05-03 05:44:34,BNBUSDT,SELL,0.05,615.26000000
2026-05-03 05:45:01,ETHUSDT,SELL,0.01,2300.69000000
2026-05-03 05:45:08,BNBUSDT,BUY,0.05,615.44000000
2026-05-03 05:46:34,ETHUSDT,BUY,0.01,2301.77000000
2026-05-03 05:53:25,ETHUSDT,BUY,0.01,2304.04000000
2026-05-03 05:53:30,ETHUSDT,SELL,0.01,2304.03000000
2026-05-03 05:53:34,SOLUSDT,SELL,0.2,83.68000000
2026-05-03 05:56:24,ETHUSDT,SELL,0.01,2302.98000000
2026-05-03 05:58:32,SOLUSDT,BUY,0.2,83.67000000
2026-05-03 06:00:32,SOLUSDT,SELL,0.2,83.65000000
2026-05-03 06:03:13,SOLUSDT,SELL,0.2,83.60000000
2026-05-03 06:04:54,ETHUSDT,SELL,0.01,2300.54000000
2026-05-03 06:06:37,SOLUSDT,BUY,0.2,83.62000000
2026-05-03 06:08:31,BTCUSDT,SELL,0.001,78154.17000000
2026-05-03 06:11:28,SOLUSDT,SELL,0.2,83.61000000
2026-05-03 06:14:09,ETHUSDT,SELL,0.01,2300.64000000
2026-05-03 06:22:38,BNBUSDT,BUY,0.05,616.05000000
2026-05-03 06:23:30,SOLUSDT,SELL,0.2,83.60000000
2026-05-03 06:31:50,SOLUSDT,SELL,0.2,83.64000000
2026-05-03 06:34:20,ETHUSDT,BUY,0.01,2302.89000000
2026-05-03 06:35:04,SOLUSDT,BUY,0.2,83.72000000
2026-05-03 06:35:27,ETHUSDT,BUY,0.01,2303.80000000
2026-05-03 06:38:34,ETHUSDT,SELL,0.01,2303.37000000
2026-05-03 06:40:52,SOLUSDT,SELL,0.2,83.69000000
2026-05-03 06:44:04,SOLUSDT,SELL,0.2,83.65000000
2026-05-03 06:44:17,ETHUSDT,SELL,0.01,2300.35000000
2026-05-03 06:44:21,ETHUSDT,SELL,0.01,2300.35000000
2026-05-03 06:44:55,SOLUSDT,BUY,0.2,83.62000000
2026-05-03 06:46:23,SOLUSDT,BUY,0.2,83.61000000
2026-05-03 06:48:55,BNBUSDT,SELL,0.05,615.98000000
2026-05-03 06:49:27,SOLUSDT,BUY,0.2,83.68000000
2026-05-03 06:53:28,BTCUSDT,SELL,0.001,78192.00000000
2026-05-03 07:00:55,SOLUSDT,SELL,0.2,83.63000000
2026-05-03 07:01:07,BNBUSDT,SELL,0.05,615.92000000
2026-05-03 07:01:13,ETHUSDT,BUY,0.01,2301.55000000
2026-05-03 07:02:03,SOLUSDT,BUY,0.2,83.69000000
2026-05-03 07:02:07,BNBUSDT,SELL,0.05,616.16000000
2026-05-03 07:02:56,SOLUSDT,SELL,0.2,83.65000000
2026-05-03 07:06:38,ETHUSDT,BUY,0.01,2300.37000000
2026-05-03 07:07:57,ETHUSDT,BUY,0.01,2299.55000000
2026-05-03 07:09:41,ETHUSDT,BUY,0.01,2298.37000000
2026-05-03 07:10:08,SOLUSDT,SELL,0.2,83.58000000
2026-05-03 07:11:08,BNBUSDT,BUY,0.05,615.61000000
2026-05-03 07:13:44,BTCUSDT,BUY,0.001,78147.03000000
2026-05-03 07:19:09,SOLUSDT,BUY,0.2,83.64000000
2026-05-03 07:21:03,ETHUSDT,BUY,0.01,2302.21000000
2026-05-03 07:24:13,SOLUSDT,SELL,0.2,83.65000000
2026-05-03 07:26:00,BTCUSDT,SELL,0.001,78202.18000000
2026-05-03 07:34:15,SOLUSDT,BUY,0.2,83.71000000
2026-05-03 07:35:44,ETHUSDT,BUY,0.01,2303.51000000
2026-05-03 07:37:58,BTCUSDT,BUY,0.001,78222.50000000
2026-05-03 07:38:17,SOLUSDT,BUY,0.2,83.73000000
2026-05-03 07:38:57,SOLUSDT,BUY,0.2,83.72000000
2026-05-03 07:42:04,SOLUSDT,SELL,0.2,83.69000000
2026-05-03 07:44:02,SOLUSDT,SELL,0.2,83.69000000
2026-05-03 07:45:44,ETHUSDT,SELL,0.01,2301.99000000
2026-05-03 07:48:48,BNBUSDT,SELL,0.05,615.52000000
2026-05-03 07:49:05,BTCUSDT,SELL,0.001,78165.22000000
2026-05-03 07:56:53,SOLUSDT,BUY,0.2,83.71000000
2026-05-03 08:02:29,BNBUSDT,BUY,0.05,615.85000000
2026-05-03 08:04:01,BNBUSDT,BUY,0.05,616.00000000
2026-05-03 08:05:02,SOLUSDT,BUY,0.2,83.79000000
2026-05-03 08:06:26,SOLUSDT,SELL,0.2,83.78000000
2026-05-03 08:07:09,ETHUSDT,BUY,0.01,2304.66000000
2026-05-03 08:07:15,SOLUSDT,BUY,0.2,83.82000000
2026-05-03 08:09:11,SOLUSDT,SELL,0.2,83.80000000
2026-05-03 08:11:41,SOLUSDT,BUY,0.2,83.82000000
2026-05-03 08:16:42,SOLUSDT,BUY,0.2,83.84000000
2026-05-03 09:28:21,SOLUSDT,BUY,0.2,83.63000000
2026-05-03 09:30:23,BNBUSDT,SELL,0.05,615.51000000
2026-05-03 09:32:21,BNBUSDT,BUY,0.05,615.74000000
2026-05-03 09:32:53,ETHUSDT,BUY,0.01,2302.14000000
2026-05-03 09:33:09,BNBUSDT,BUY,0.05,616.00000000
2026-05-03 09:33:11,SOLUSDT,BUY,0.2,83.67000000
2026-05-03 09:36:08,BNBUSDT,SELL,0.05,615.86000000
2026-05-03 09:38:32,BNBUSDT,BUY,0.05,615.96000000
2026-05-03 09:41:52,SOLUSDT,SELL,0.2,83.64000000
2026-05-03 09:44:06,BNBUSDT,BUY,0.05,616.10000000
2026-05-03 09:44:09,SOLUSDT,BUY,0.2,83.68000000
2026-05-03 09:48:31,BNBUSDT,BUY,0.05,616.33000000
2026-05-03 09:48:33,BTCUSDT,BUY,0.001,78163.66000000
2026-05-03 09:50:32,BTCUSDT,BUY,0.001,78184.82000000
2026-05-03 09:51:16,ETHUSDT,BUY,0.01,2303.04000000
2026-05-03 09:51:19,SOLUSDT,BUY,0.2,83.73000000
2026-05-03 09:52:06,ETHUSDT,BUY,0.01,2303.56000000
2026-05-03 09:52:29,SOLUSDT,BUY,0.2,83.77000000
2026-05-03 09:52:42,ETHUSDT,BUY,0.01,2304.15000000
2026-05-03 09:52:56,ETHUSDT,BUY,0.01,2305.11000000
2026-05-03 09:52:58,BNBUSDT,BUY,0.05,616.84000000
2026-05-03 09:53:10,BTCUSDT,BUY,0.001,78281.87000000
2026-05-03 09:53:29,SOLUSDT,BUY,0.2,83.82000000
2026-05-03 09:54:35,BTCUSDT,BUY,0.001,78317.63000000
2026-05-03 09:54:52,BTCUSDT,BUY,0.001,78337.26000000
2026-05-03 09:54:55,BNBUSDT,BUY,0.05,617.22000000
2026-05-03 09:55:12,ETHUSDT,SELL,0.01,2305.73000000
2026-05-03 09:55:19,BTCUSDT,SELL,0.001,78318.00000000
2026-05-03 09:55:32,SOLUSDT,SELL,0.2,83.82000000
2026-05-03 09:56:03,SOLUSDT,SELL,0.2,83.78000000
2026-05-03 09:56:25,ETHUSDT,SELL,0.01,2304.77000000
2026-05-03 09:58:15,SOLUSDT,SELL,0.2,83.76000000
2026-05-03 10:00:56,ETHUSDT,BUY,0.01,2304.90000000
2026-05-03 10:01:03,SOLUSDT,BUY,0.2,83.79000000
2026-05-03 10:02:19,ETHUSDT,BUY,0.01,2307.00000000
2026-05-03 10:02:22,SOLUSDT,BUY,0.2,83.85000000
2026-05-03 10:02:27,BNBUSDT,BUY,0.05,617.23000000
2026-05-03 10:03:12,SOLUSDT,BUY,0.2,83.90000000
2026-05-03 10:04:20,BTCUSDT,SELL,0.001,78343.69000000
2026-05-03 10:05:26,BTCUSDT,BUY,0.001,78370.55000000
2026-05-03 10:06:00,ETHUSDT,BUY,0.01,2308.87000000
2026-05-03 10:07:28,ETHUSDT,SELL,0.01,2309.01000000
2026-05-03 10:09:18,SOLUSDT,SELL,0.2,83.94000000
2026-05-03 10:09:58,BTCUSDT,SELL,0.001,78393.16000000
2026-05-03 10:12:20,SOLUSDT,SELL,0.2,83.86000000
2026-05-03 10:15:52,ETHUSDT,BUY,0.01,2308.49000000
2026-05-03 10:20:49,BNBUSDT,SELL,0.05,617.44000000
2026-05-03 10:24:52,ETHUSDT,SELL,0.01,2311.11000000
2026-05-03 10:27:59,BNBUSDT,BUY,0.05,618.35000000
2026-05-03 10:29:06,BTCUSDT,SELL,0.001,78426.19000000
2026-05-03 11:27:03,BNBUSDT,BUY,0.05,617.34
2026-05-03 11:27:08,BNBUSDT,BUY,0.05,617.31
2026-05-03 11:27:59,BTCUSDT,BUY,0.001,78411.16
2026-05-03 11:28:03,BTCUSDT,BUY,0.001,78411.16
2026-05-03 11:28:06,SOLUSDT,BUY,0.2,83.88
2026-05-03 11:28:08,BTCUSDT,BUY,0.001,78411.16
2026-05-03 11:28:12,SOLUSDT,BUY,0.2,83.88
2026-05-03 11:28:13,BTCUSDT,BUY,0.001,78411.16
2026-05-03 11:28:16,SOLUSDT,BUY,0.2,83.86
2026-05-03 11:28:20,SOLUSDT,BUY,0.2,83.86
2026-05-03 11:28:24,SOLUSDT,BUY,0.2,83.86
2026-05-03 11:28:26,SOLUSDT,BUY,0.2,83.86
2026-05-03 11:28:29,SOLUSDT,BUY,0.2,83.86
2026-05-03 11:28:33,SOLUSDT,BUY,0.2,83.86
2026-05-03 11:28:36,SOLUSDT,BUY,0.2,83.86
2026-05-03 11:28:41,SOLUSDT,BUY,0.2,83.86
2026-05-03 11:28:44,SOLUSDT,BUY,0.2,83.86
2026-05-03 11:28:48,SOLUSDT,BUY,0.2,83.86
2026-05-03 11:31:04,SOLUSDT,BUY,0.2,83.88
2026-05-03 11:34:53,ETHUSDT,BUY,0.01,2307.66
2026-05-03 11:35:02,BNBUSDT,BUY,0.05,616.94
2026-05-03 11:35:46,SOLUSDT,BUY,0.2,83.89
2026-05-03 11:35:48,ETHUSDT,BUY,0.01,2308.3
2026-05-03 11:36:18,BTCUSDT,BUY,0.001,78414.65
2026-05-03 11:36:28,BNBUSDT,BUY,0.05,617.1
2026-05-03 11:36:53,ETHUSDT,BUY,0.01,2308.8
2026-05-03 11:37:56,SOLUSDT,BUY,0.2,83.92
2026-05-03 11:38:43,ETHUSDT,BUY,0.01,2309.32
2026-05-03 11:39:50,SOLUSDT,BUY,0.2,83.92
2026-05-03 11:43:28,ETHUSDT,BUY,0.01,2310.19
2026-05-03 11:43:30,BNBUSDT,BUY,0.05,617.24
2026-05-03 11:43:45,BTCUSDT,BUY,0.001,78441.78
2026-05-03 11:44:09,SOLUSDT,BUY,0.2,83.93
2026-05-03 11:44:19,BNBUSDT,BUY,0.05,617.52
2026-05-03 11:47:55,SOLUSDT,BUY,0.2,83.95
2026-05-03 11:48:25,SOLUSDT,BUY,0.2,83.96
2026-05-03 11:49:12,SOLUSDT,BUY,0.2,83.94
2026-05-03 11:49:16,BNBUSDT,BUY,0.05,617.67
2026-05-03 11:51:54,SOLUSDT,BUY,0.2,83.93
2026-05-03 12:03:13,BNBUSDT,BUY,0.05,617.77
2026-05-03 12:04:43,BNBUSDT,BUY,0.05,617.97
2026-05-03 12:05:09,BTCUSDT,BUY,0.001,78390.0
2026-05-03 12:07:19,SOLUSDT,BUY,0.2,83.91
2026-05-03 12:08:17,BTCUSDT,BUY,0.001,78427.83
2026-05-03 12:08:35,SOLUSDT,BUY,0.2,83.96
2026-05-03 12:09:57,BNBUSDT,BUY,0.05,618.8
2026-05-03 12:14:13,SOLUSDT,BUY,0.2,83.96
2026-05-03 12:20:00,SOLUSDT,BUY,0.2,83.9
2026-05-03 12:20:24,SOLUSDT,BUY,0.2,83.92
2026-05-03 12:20:51,ETHUSDT,BUY,0.01,2309.21
2026-05-03 12:23:15,SOLUSDT,BUY,0.2,83.94
2026-05-03 12:23:28,BTCUSDT,BUY,0.001,78465.05
2026-05-03 12:23:29,ETHUSDT,BUY,0.01,2310.7
2026-05-03 12:23:32,BNBUSDT,BUY,0.05,619.2
2026-05-03 12:23:56,SOLUSDT,BUY,0.2,83.98
2026-05-03 12:24:26,SOLUSDT,BUY,0.2,83.97
2026-05-03 12:25:00,ETHUSDT,BUY,0.01,2310.37
2026-05-03 12:25:11,BTCUSDT,BUY,0.001,78491.37
2026-05-03 12:25:13,ETHUSDT,BUY,0.01,2313.21
2026-05-03 12:25:16,SOLUSDT,BUY,0.2,84.03
2026-05-03 12:25:27,ETHUSDT,BUY,0.01,2312.19
2026-05-03 12:25:43,BTCUSDT,BUY,0.001,78522.98
2026-05-03 12:27:20,SOLUSDT,BUY,0.2,84.03
2026-05-03 12:27:58,BTCUSDT,BUY,0.001,78525.11
2026-05-03 12:28:01,SOLUSDT,BUY,0.2,84.05
2026-05-03 12:29:10,ETHUSDT,BUY,0.01,2313.31
2026-05-03 12:29:23,BTCUSDT,BUY,0.001,78502.01
2026-05-03 12:29:25,ETHUSDT,BUY,0.01,2312.43
2026-05-03 12:29:28,SOLUSDT,BUY,0.2,84.03
2026-05-03 12:30:33,BTCUSDT,BUY,0.001,78478.43
2026-05-03 12:30:36,ETHUSDT,BUY,0.01,2311.31
2026-05-03 12:30:39,SOLUSDT,BUY,0.2,83.99
2026-05-03 12:30:48,BTCUSDT,BUY,0.001,78505.0
2026-05-03 12:30:50,ETHUSDT,BUY,0.01,2313.25
2026-05-03 12:31:07,ETHUSDT,BUY,0.01,2314.01
2026-05-03 12:31:17,ETHUSDT,BUY,0.01,2313.25
2026-05-03 12:31:51,ETHUSDT,BUY,0.01,2312.52
2026-05-03 12:32:04,SOLUSDT,BUY,0.2,83.97
2026-05-03 12:32:11,BNBUSDT,BUY,0.05,618.97
2026-05-03 12:32:26,ETHUSDT,BUY,0.01,2313.04
2026-05-03 12:33:27,BNBUSDT,BUY,0.05,618.71
2026-05-03 12:33:30,ETHUSDT,BUY,0.01,2312.37
2026-05-03 12:34:28,SOLUSDT,BUY,0.2,83.92
2026-05-03 12:34:37,BTCUSDT,BUY,0.001,78486.45
2026-05-03 12:34:53,BTCUSDT,BUY,0.001,78505.0
2026-05-03 12:36:53,ETHUSDT,BUY,0.01,2313.74
2026-05-03 12:37:03,SOLUSDT,BUY,0.2,83.97
2026-05-03 12:38:35,ETHUSDT,BUY,0.01,2313.9
2026-05-03 12:38:49,ETHUSDT,BUY,0.01,2315.44
2026-05-03 12:39:24,BTCUSDT,BUY,0.001,78556.0
2026-05-03 12:39:26,ETHUSDT,BUY,0.01,2317.72
2026-05-03 12:39:31,SOLUSDT,BUY,0.2,84.06
2026-05-03 12:39:36,BNBUSDT,BUY,0.05,619.1
2026-05-03 12:39:41,ETHUSDT,BUY,0.01,2320.88
2026-05-03 12:39:44,BTCUSDT,BUY,0.001,78600.48
2026-05-03 12:39:46,ETHUSDT,BUY,0.01,2320.88
2026-05-03 12:40:14,ETHUSDT,BUY,0.01,2319.34
2026-05-03 12:40:18,BTCUSDT,BUY,0.001,78575.09
2026-05-03 12:40:21,SOLUSDT,BUY,0.2,84.07
2026-05-03 12:40:33,ETHUSDT,BUY,0.01,2318.53
2026-05-03 12:40:40,BTCUSDT,BUY,0.001,78568.69
2026-05-03 12:40:42,BTCUSDT,BUY,0.001,78563.67
2026-05-03 12:40:49,ETHUSDT,BUY,0.01,2317.76
2026-05-03 12:41:06,ETHUSDT,BUY,0.01,2317.17
2026-05-03 12:41:07,BNBUSDT,BUY,0.05,618.68
2026-05-03 12:45:09,BNBUSDT,BUY,0.05,618.49
2026-05-03 12:45:27,ETHUSDT,BUY,0.01,2315.83
2026-05-03 12:46:02,ETHUSDT,BUY,0.01,2315.19
2026-05-03 12:46:11,SOLUSDT,BUY,0.2,84.01
2026-05-03 12:48:16,ETHUSDT,BUY,0.01,2315.92
2026-05-03 12:48:27,SOLUSDT,BUY,0.2,84.01
2026-05-03 12:49:21,BNBUSDT,BUY,0.05,618.66
2026-05-03 12:51:25,SOLUSDT,BUY,0.2,84.03
2026-05-03 12:51:36,ETHUSDT,BUY,0.01,2316.89
2026-05-03 12:53:59,BNBUSDT,BUY,0.05,618.91
2026-05-03 12:54:01,BTCUSDT,BUY,0.001,78527.01
2026-05-03 12:54:03,ETHUSDT,BUY,0.01,2316.28
2026-05-03 12:56:36,BTCUSDT,BUY,0.001,76839.19
2026-05-03 12:56:40,BTCUSDT,BUY,0.001,76934.27
2026-05-03 12:57:54,ETHUSDT,BUY,0.01,2316.47
